Model,Accuracy,Precision,Recall,F1-Score,ROC-AUC
LogisticRegression,0.9967162545400269,1.0,0.8677354709418837,0.9291845493562232,0.9935282810518997
RandomForest,0.9977113289218369,1.0,0.9078156312625251,0.9516806722689075,0.9885982679645005
GradientBoosting,0.9973630528882034,0.9911894273127754,0.9018036072144289,0.944386149003148,0.9961238292912356
SVM,0.9971640380118414,1.0,0.8857715430861723,0.9394261424017003,0.9837318514580181
KNN,0.9963679785063934,0.9885321100917431,0.8637274549098196,0.9219251336898395,0.9562957547748558
