Anomalous,Count,Percentage
0,98000,97.51728941738395
1,2495,2.4827105826160505
