,count,mean,std,min,25%,50%,75%,max
UserID,100495.0,52.85135578884522,15.574590532296797,2.0,46.0,59.0,65.0,70.0
