User_Agent,Percentage
"Mozilla/5.0 (Windows NT 10.0; Win64; x64) AppleWebKit/537.36 (KHTML, like Gecko)",0.14436539131300063
Mozilla/5.0 (Macintosh; Intel Mac OS X 10_15_7),0.14367878998955172
Mozilla/5.0 (X11; Linux x86_64),0.1428628289964675
Python-urllib/3.9,0.14202696651574706
curl/7.68.0,0.14173839494502213
Mozilla/5.0 (iPhone; CPU iPhone OS 14_0 like Mac OS X),0.14150952783720583
Mozilla/5.0 (Windows NT 10.0; Win64; x64),0.1411015473406637
PostmanRuntime/7.26.8,0.00271655306234141
