HTTP_Response,Percentage
200,0.6880640827901886
201,0.147967560575153
302,0.09541768247176477
304,0.04864918652669287
403,0.01210010448281009
500,0.004149460172147868
404,0.003651922981242848
