HTTP_Method,Percentage
GET,0.6367082939449724
POST,0.19615901288621324
PUT,0.055943081745360466
DELETE,0.0418826807303846
OPTIONS,0.028797452609582566
HEAD,0.020438827802378226
PATCH,0.020070650281108514
