Role,Proportion
Nurse,0.3963580277625752
Staff,0.3484252947907856
Doctor,0.15234588785511716
Admin,0.10287078959152196
